user_id,first_name,last_name,job_title
548ea0b6-7fa4-4aa1-bacc-7e8134814bcd,Henderson,O'Malley,Statistician I
6cf36c9e-1fa7-491d-a6e1-9c785d68a3d0,Moishe,Edgworth,VP Marketing
eda02766-ac38-4918-adf1-24fb06f55f0d,Miles,Alvar,Desktop Support Technician
84091e25-0594-4902-b958-7ef2d1885b18,Joshuah,Hutley,Computer Systems Analyst II
70b020fb-6cc7-4151-b918-23b14ed492c0,Josi,Emeline,Dental Hygienist
5d9b8515-823e-49b8-ad44-5c91ef23462f,Dun,Logg,Tax Accountant
428b5e37-9572-49fc-b0f5-e8ae8bddb4dc,Enrika,Densell,Paralegal
51d0bd77-4aa8-46e0-a1b2-25da2c0b2701,Ryann,McNevin,VP Accounting
752119fa-50dc-4011-8f13-23aa8d78eb18,Inez,Youthead,Analog Circuit Design manager
c43eb5ab-fa64-4452-a152-9cf1473e47d2,Rad,Devinn,GIS Technical Architect
eb3cd42c-2814-4a68-ac43-e3d9f9278662,Sibyl,Heliet,Senior Editor
220a1dac-7453-4546-a4be-38e5d0e27fb8,Gigi,Seivertsen,Project Manager
6d269935-7206-4282-bb0f-16b8ee42abbf,Aldo,McShea,Environmental Specialist
4ca57847-7354-4292-ba37-77161b23c1d5,Hillary,Petken,Biostatistician IV
79103238-c33e-4cd1-98cb-6d0adce08df6,Sisile,Macken,Research Nurse
e83c8ed9-2abd-4696-a767-2f26ea0cc2fc,Fanchon,Covelle,Software Engineer I
095cf148-6437-4569-83ef-e271af7d906f,Minor,Yakobowitz,Actuary
ad649b3e-afad-4c97-aca2-d67bb9fbd443,Dalis,Odda,Clinical Specialist
f17fc516-a78a-4591-b32e-00632b3f2a8d,Analise,Haddock,Assistant Media Planner
8774f3d7-f0a7-4428-bf69-3d4150fc366e,Nappy,Jorioz,Electrical Engineer
8685f5a0-ea69-4bf4-b242-d65e7232d394,Zedekiah,Littlejohn,Professor
76a0c116-8c22-42fe-83b6-d3f043c55c55,Saxe,Walenta,Librarian
53ea8b4b-5b87-4bf4-bc29-ef393cbf6f82,Alphard,Antwis,Information Systems Manager
788c3107-c7a6-41d5-aa35-48886b024eed,Lorenza,Carradice,Compensation Analyst
99cab99c-9b36-4c2d-b46f-2a5ddd044448,Pearline,Adamovicz,Marketing Assistant
15bafaf5-007f-4c08-a3fb-fbff2d260e0e,Ernestus,Hawford,Physical Therapy Assistant
3ecd5916-dcd9-4762-b1dc-313f87b6310e,Pierrette,Belcham,Web Developer IV
4a91de08-4ba6-495a-a22f-bba581331e65,Trefor,Servante,Mechanical Systems Engineer
7b11021c-4992-4a3c-98bd-004ca3330411,Angelica,Devil,Web Designer IV
fcdd4917-22f4-4225-991a-469791c41b6b,Rodolphe,McKillop,Research Nurse
912a378d-3344-4f32-b880-c3710ae2e7e6,Tate,Ivins,Staff Scientist
32cc1219-d98b-4b73-a6bf-aba259cfcc93,Burnaby,Pressland,Chief Design Engineer
d499e3c6-adc8-4b04-a6a7-4d6d591d852d,Barn,Spedroni,GIS Technical Architect
d363cc20-f9be-41c3-be9f-804dc1e3f4ad,Penelopa,Blackstock,Marketing Manager
fa5ca302-03e8-49ae-a366-b23d32e5eedc,Lavina,Mawdsley,Operator
ddc8b966-61f9-4571-b3a8-93cfba279d8d,Renato,Gleeton,Budget/Accounting Analyst IV
35279bf5-b7e4-4119-b2d6-30a6bfff6c8f,Cristionna,Patrono,Executive Secretary
825f4ede-0c7d-4d6b-a019-347da8412641,Alberik,Lethardy,Associate Professor
42d9cc29-c674-41a3-9a26-f0ee377f5e74,Fredra,Paquet,Recruiter
8a2b1d96-4c11-4257-9acb-8ad4703e7a91,Cindie,Towl,GIS Technical Architect
4d08dee1-8168-43b1-8232-60d763703865,Eleni,Vest,Director of Sales
4ffcb9eb-aa23-471d-bf7a-fb14258ec295,Emmery,Kardos-Stowe,VP Accounting
310795a4-d767-45cd-8113-d13274795187,Case,Anthony,Legal Assistant
ce1453d4-4a15-4e6b-b376-403d99c898ab,Rae,Royds,Junior Executive
0c4810f0-1ad3-4398-b1ce-4cb3fc554f3d,Anny,Castellani,Developer II
f6801c72-afb7-4ca8-85fd-4a96a96b8715,Decca,Tayspell,Research Assistant I
ac51a078-f738-4c79-9b06-5e49c378b201,Shurwood,Kos,Environmental Specialist
7877cec5-f8d9-452c-9a3c-a09caa8e2f30,Clark,Cramer,Pharmacist
c4f2130a-8b28-4447-bcfa-d65b11a5c4e0,Claybourne,Bulloch,Teacher